direction;seconds;speak
0;0.02;0
0;0.04;0
0;0.06;0
0;0.08;0
0;0.10;0
0;0.12;0
0;0.14;0
0;0.16;0
0;0.18;0
0;0.20;0
0;0.22;0
0;0.24;0
0;0.26;0
0;0.28;0
0;0.30;0
0;0.32;0
0;0.34;0
0;0.36;0
0;0.38;0
0;0.40;0
0;0.42;0
0;0.44;0
0;0.46;0
0;0.48;0
0;0.50;0
0;0.52;0
0;0.54;0
0;0.56;0
0;0.58;0
0;0.60;0
0;0.62;0
0;0.64;0
0;0.66;0
0;0.68;0
0;0.70;0
0;0.72;0
0;0.74;0
0;0.76;0
0;0.78;0
0;0.80;0
0;0.82;0
0;0.84;0
0;0.86;0
0;0.88;0
0;0.90;0
0;0.92;0
0;0.94;0
0;0.96;0
0;0.98;0
0;1.00;0
0;1.02;0
0;1.04;0
0;1.06;0
0;1.08;0
0;1.10;0
0;1.12;0
0;1.14;0
0;1.16;0
0;1.18;0
0;1.20;0
0;1.22;0
0;1.24;1
0;1.26;1
0;1.28;1
0;1.30;1
0;1.32;1
0;1.34;1
0;1.36;1
0;1.38;1
0;1.40;1
0;1.42;1
0;1.44;1
0;1.46;1
0;1.48;1
0;1.50;1
0;1.52;1
0;1.54;1
0;1.56;1
0;1.58;1
0;1.60;1
0;1.62;1
0;1.64;1
0;1.66;1
0;1.68;1
0;1.70;1
0;1.72;1
0;1.74;1
0;1.76;1
0;1.78;1
0;1.80;1
0;1.82;1
0;1.84;1
0;1.86;1
0;1.88;1
0;1.90;1
0;1.92;1
0;1.94;1
0;1.96;1
0;1.98;1
0;2.00;1
0;2.02;1
0;2.04;1
0;2.06;1
0;2.08;1
0;2.10;1
0;2.12;1
0;2.14;1
0;2.16;1
0;2.18;1
0;2.20;1
0;2.22;1
0;2.24;1
0;2.26;1
0;2.28;1
0;2.30;1
0;2.32;1
0;2.34;1
0;2.36;1
0;2.38;1
0;2.40;1
0;2.42;1
0;2.44;1
0;2.46;1
0;2.48;1
0;2.50;1
0;2.52;1
0;2.54;1
0;2.56;1
0;2.58;1
0;2.60;1
0;2.62;1
0;2.64;1
0;2.66;1
0;2.68;1
0;2.70;1
0;2.72;1
0;2.74;1
0;2.76;1
0;2.78;1
0;2.80;1
0;2.82;1
0;2.84;1
0;2.86;1
0;2.88;1
0;2.90;1
0;2.92;1
0;2.94;1
0;2.96;1
0;2.98;1
0;3.00;1
0;3.02;1
0;3.04;1
0;3.06;1
0;3.08;1
0;3.10;1
0;3.12;1
0;3.14;1
0;3.16;1
0;3.18;1
0;3.20;1
0;3.22;1
0;3.24;1
0;3.26;0
0;3.28;0
0;3.30;1
0;3.32;1
0;3.34;1
0;3.36;1
0;3.38;1
0;3.40;1
0;3.42;1
0;3.44;1
0;3.46;1
0;3.48;1
0;3.50;1
0;3.52;1
0;3.54;0
0;3.56;0
0;3.58;0
0;3.60;0
0;3.62;0
0;3.64;0
0;3.66;0
0;3.68;0
0;3.70;0
0;3.72;0
0;3.74;0
0;3.76;0
0;3.78;0
0;3.80;0
0;3.82;0
0;3.84;0
0;3.86;0
0;3.88;1
0;3.90;1
0;3.92;1
0;3.94;1
0;3.96;1
0;3.98;1
0;4.00;1
0;4.02;1
0;4.04;1
0;4.06;1
0;4.08;1
0;4.10;1
0;4.12;1
0;4.14;1
0;4.16;1
0;4.18;1
0;4.20;1
0;4.22;1
0;4.24;1
0;4.26;1
0;4.28;1
0;4.30;1
0;4.32;1
0;4.34;1
0;4.36;1
0;4.38;1
0;4.40;1
0;4.42;0
0;4.44;0
0;4.46;0
0;4.48;0
0;4.50;0
0;4.52;0
0;4.54;0
0;4.56;0
0;4.58;0
0;4.60;0
0;4.62;0
0;4.64;0
0;4.66;0
0;4.68;0
0;4.70;0
0;4.72;0
0;4.74;0
0;4.76;0
0;4.78;0
0;4.80;0
0;4.82;0
0;4.84;0
0;4.86;0
0;4.88;0
0;4.90;0
0;4.92;0
0;4.94;0
0;4.96;0
0;4.98;0
0;5.00;0
0;5.02;0
0;5.04;0
0;5.06;0
0;5.08;0
0;5.10;0
0;5.12;0
0;5.14;0
2;5.16;1
2;5.18;1
2;5.20;1
2;5.22;1
2;5.24;1
2;5.26;0
2;5.28;0
2;5.30;0
2;5.32;0
2;5.34;0
2;5.36;0
2;5.38;0
2;5.40;0
2;5.42;0
2;5.44;0
2;5.46;0
2;5.48;0
2;5.50;0
2;5.52;0
2;5.54;0
2;5.56;0
2;5.58;0
2;5.60;0
2;5.62;0
2;5.64;1
2;5.66;1
2;5.68;1
2;5.70;1
2;5.72;1
2;5.74;1
2;5.76;1
2;5.78;1
2;5.80;0
2;5.82;0
2;5.84;0
2;5.86;0
2;5.88;0
2;5.90;0
2;5.92;0
2;5.94;0
2;5.96;0
2;5.98;0
2;6.00;1
2;6.02;1
2;6.04;1
2;6.06;1
2;6.08;1
2;6.10;1
2;6.12;1
2;6.14;1
2;6.16;1
2;6.18;1
2;6.20;1
2;6.22;1
2;6.24;1
2;6.26;1
2;6.28;1
2;6.30;1
2;6.32;1
2;6.34;1
2;6.36;1
2;6.38;1
2;6.40;1
2;6.42;1
2;6.44;1
2;6.46;1
2;6.48;1
2;6.50;1
2;6.52;1
2;6.54;1
2;6.56;1
2;6.58;1
2;6.60;1
2;6.62;1
2;6.64;1
2;6.66;1
2;6.68;1
2;6.70;1
2;6.72;1
2;6.74;1
2;6.76;1
2;6.78;1
2;6.80;1
2;6.82;1
2;6.84;1
2;6.86;1
2;6.88;1
2;6.90;1
2;6.92;1
2;6.94;1
2;6.96;1
2;6.98;1
2;7.00;1
2;7.02;1
2;7.04;1
2;7.06;1
2;7.08;1
2;7.10;1
2;7.12;1
2;7.14;1
0;7.16;1
0;7.18;1
0;7.20;1
0;7.22;1
0;7.24;1
0;7.26;1
0;7.28;1
0;7.30;1
0;7.32;1
0;7.34;1
0;7.36;1
0;7.38;1
0;7.40;1
0;7.42;1
0;7.44;1
0;7.46;1
0;7.48;1
2;7.50;1
2;7.52;1
2;7.54;1
2;7.56;1
2;7.58;1
2;7.60;1
2;7.62;1
2;7.64;1
2;7.66;1
2;7.68;1
2;7.70;1
2;7.72;1
2;7.74;1
2;7.76;0
2;7.78;1
2;7.80;1
2;7.82;1
0;7.84;1
0;7.86;1
0;7.88;1
0;7.90;1
0;7.92;1
0;7.94;1
0;7.96;1
0;7.98;1
0;8.00;1
0;8.02;1
0;8.04;1
0;8.06;1
0;8.08;1
0;8.10;1
0;8.12;1
0;8.14;1
0;8.16;1
0;8.18;1
0;8.20;1
0;8.22;1
0;8.24;1
0;8.26;1
0;8.28;1
0;8.30;1
0;8.32;1
0;8.34;1
0;8.36;1
0;8.38;1
0;8.40;1
0;8.42;1
0;8.44;1
0;8.46;1
0;8.48;1
0;8.50;1
2;8.52;1
2;8.54;1
2;8.56;1
2;8.58;1
2;8.60;1
2;8.62;1
2;8.64;1
2;8.66;1
2;8.68;1
2;8.70;1
2;8.72;1
2;8.74;1
2;8.76;1
2;8.78;1
2;8.80;0
2;8.82;0
2;8.84;0
2;8.86;0
2;8.88;0
2;8.90;0
2;8.92;0
2;8.94;0
2;8.96;1
2;8.98;1
2;9.00;1
2;9.02;1
2;9.04;1
2;9.06;1
2;9.08;1
2;9.10;1
2;9.12;1
2;9.14;1
2;9.16;1
2;9.18;1
2;9.20;1
2;9.22;0
2;9.24;0
2;9.26;0
2;9.28;0
2;9.30;0
2;9.32;0
2;9.34;0
2;9.36;0
2;9.38;0
2;9.40;0
2;9.42;0
2;9.44;0
2;9.46;0
2;9.48;0
2;9.50;0
2;9.52;0
2;9.54;0
2;9.56;0
2;9.58;0
2;9.60;0
2;9.62;0
2;9.64;0
2;9.66;0
2;9.68;0
2;9.70;0
2;9.72;0
2;9.74;0
2;9.76;0
2;9.78;0
2;9.80;0
2;9.82;0
2;9.84;0
2;9.86;0
2;9.88;0
2;9.90;0
2;9.92;0
2;9.94;0
2;9.96;0
2;9.98;0
2;10.00;0
2;10.02;0
2;10.04;0
2;10.06;0
2;10.08;0
2;10.10;0
2;10.12;0
2;10.14;0
2;10.16;0
2;10.18;0
2;10.20;0
2;10.22;0
2;10.24;0
2;10.26;0
2;10.28;0
2;10.30;0
2;10.32;0
2;10.34;0
2;10.36;0
2;10.38;0
2;10.40;0
2;10.42;0
2;10.44;0
2;10.46;0
2;10.48;0
2;10.50;0
2;10.52;0
2;10.54;0
2;10.56;0
2;10.58;0
2;10.60;0
2;10.62;0
2;10.64;0
2;10.66;0
2;10.68;0
2;10.70;0
2;10.72;0
2;10.74;0
2;10.76;0
2;10.78;0
2;10.80;0
2;10.82;0
2;10.84;0
2;10.86;0
2;10.88;0
2;10.90;0
2;10.92;0
2;10.94;0
2;10.96;0
2;10.98;0
2;11.00;0
2;11.02;0
2;11.04;0
2;11.06;0
2;11.08;0
2;11.10;0
2;11.12;0
2;11.14;0
2;11.16;0
2;11.18;0
2;11.20;0
2;11.22;0
2;11.24;0
2;11.26;0
2;11.28;0
2;11.30;0
2;11.32;0
2;11.34;0
2;11.36;0
2;11.38;0
2;11.40;0
2;11.42;0
2;11.44;0
2;11.46;0
2;11.48;0
2;11.50;0
2;11.52;0
2;11.54;0
2;11.56;0
2;11.58;0
2;11.60;0
2;11.62;0
2;11.64;0
2;11.66;0
2;11.68;0
2;11.70;0
2;11.72;0
2;11.74;0
2;11.76;0
2;11.78;0
2;11.80;0
2;11.82;0
2;11.84;0
2;11.86;0
2;11.88;0
2;11.90;1
2;11.92;1
2;11.94;1
2;11.96;1
2;11.98;1
2;12.00;1
2;12.02;1
2;12.04;1
2;12.06;1
2;12.08;1
2;12.10;1
2;12.12;1
2;12.14;1
2;12.16;1
2;12.18;1
2;12.20;1
2;12.22;1
2;12.24;1
2;12.26;1
2;12.28;1
2;12.30;1
2;12.32;1
2;12.34;1
2;12.36;1
2;12.38;1
2;12.40;1
2;12.42;1
2;12.44;1
2;12.46;1
2;12.48;1
2;12.50;1
2;12.52;1
2;12.54;1
2;12.56;1
2;12.58;1
0;12.60;1
0;12.62;1
0;12.64;1
0;12.66;1
0;12.68;1
0;12.70;1
0;12.72;1
0;12.74;1
0;12.76;1
0;12.78;1
0;12.80;1
0;12.82;1
0;12.84;1
0;12.86;1
0;12.88;1
0;12.90;1
0;12.92;1
2;12.94;1
2;12.96;1
2;12.98;1
2;13.00;1
2;13.02;1
2;13.04;1
2;13.06;1
2;13.08;1
2;13.10;1
2;13.12;1
2;13.14;1
2;13.16;1
2;13.18;1
2;13.20;1
2;13.22;1
2;13.24;1
2;13.26;1
0;13.28;1
0;13.30;1
0;13.32;1
0;13.34;1
0;13.36;1
0;13.38;1
0;13.40;1
0;13.42;1
0;13.44;1
0;13.46;1
0;13.48;1
0;13.50;1
0;13.52;1
0;13.54;1
0;13.56;1
0;13.58;1
0;13.60;1
2;13.62;1
2;13.64;1
2;13.66;1
2;13.68;1
2;13.70;1
2;13.72;1
2;13.74;1
2;13.76;1
2;13.78;1
2;13.80;1
2;13.82;1
2;13.84;1
2;13.86;1
2;13.88;1
2;13.90;1
2;13.92;1
2;13.94;1
2;13.96;1
2;13.98;1
2;14.00;1
2;14.02;1
2;14.04;1
2;14.06;1
2;14.08;0
2;14.10;1
2;14.12;1
2;14.14;1
2;14.16;1
2;14.18;1
2;14.20;1
2;14.22;1
2;14.24;1
2;14.26;1
2;14.28;1
0;14.30;1
0;14.32;1
0;14.34;1
0;14.36;1
0;14.38;1
0;14.40;1
0;14.42;1
0;14.44;1
0;14.46;1
0;14.48;1
0;14.50;1
0;14.52;1
0;14.54;1
0;14.56;1
0;14.58;1
0;14.60;1
0;14.62;1
0;14.64;0
0;14.66;0
0;14.68;0
0;14.70;0
0;14.72;0
0;14.74;0
0;14.76;0
0;14.78;0
0;14.80;0
0;14.82;1
0;14.84;1
0;14.86;1
0;14.88;1
0;14.90;1
0;14.92;1
0;14.94;1
0;14.96;1
0;14.98;1
0;15.00;1
0;15.02;1
0;15.04;1
0;15.06;1
0;15.08;1
0;15.10;1
0;15.12;1
0;15.14;1
0;15.16;1
0;15.18;1
0;15.20;1
0;15.22;1
0;15.24;1
0;15.26;1
0;15.28;1
0;15.30;1
0;15.32;0
0;15.34;0
0;15.36;0
0;15.38;0
0;15.40;0
0;15.42;0
0;15.44;0
0;15.46;0
0;15.48;0
0;15.50;0
0;15.52;0
0;15.54;0
0;15.56;0
0;15.58;0
0;15.60;0
0;15.62;0
0;15.64;0
0;15.66;0
0;15.68;0
0;15.70;0
0;15.72;0
0;15.74;0
0;15.76;0
0;15.78;0
0;15.80;0
0;15.82;0
0;15.84;0
0;15.86;0
0;15.88;0
0;15.90;0
0;15.92;0
0;15.94;0
0;15.96;0
0;15.98;0
0;16.00;0
0;16.02;0
0;16.04;0
0;16.06;0
0;16.08;0
0;16.10;0
0;16.12;0
0;16.14;0
0;16.16;0
0;16.18;0
0;16.20;0
0;16.22;0
0;16.24;0
0;16.26;0
0;16.28;0
0;16.30;0
0;16.32;0
0;16.34;0
0;16.36;0
0;16.38;0
0;16.40;0
0;16.42;0
0;16.44;0
0;16.46;0
0;16.48;0
0;16.50;0
0;16.52;0
0;16.54;0
0;16.56;0
0;16.58;0
0;16.60;0
0;16.62;0
0;16.64;0
0;16.66;0
0;16.68;0
0;16.70;0
0;16.72;0
0;16.74;0
0;16.76;0
0;16.78;0
0;16.80;0
0;16.82;0
0;16.84;0
0;16.86;0
0;16.88;0
0;16.90;0
0;16.92;0
0;16.94;0
0;16.96;0
0;16.98;0
0;17.00;0
0;17.02;0
0;17.04;0
0;17.06;0
0;17.08;0
0;17.10;0
0;17.12;0
0;17.14;0
0;17.16;0
0;17.18;0
0;17.20;0
0;17.22;0
0;17.24;0
0;17.26;0
0;17.28;0
0;17.30;0
0;17.32;0
0;17.34;0
0;17.36;0
0;17.38;0
0;17.40;0
0;17.42;0
0;17.44;0
0;17.46;0
0;17.48;0
0;17.50;0
0;17.52;0
0;17.54;0
0;17.56;1
0;17.58;1
0;17.60;1
0;17.62;1
0;17.64;1
0;17.66;1
0;17.68;1
0;17.70;1
0;17.72;1
0;17.74;1
0;17.76;1
0;17.78;1
0;17.80;1
0;17.82;1
0;17.84;1
0;17.86;1
0;17.88;1
0;17.90;1
0;17.92;1
0;17.94;1
0;17.96;1
0;17.98;1
0;18.00;1
0;18.02;1
0;18.04;1
0;18.06;1
0;18.08;1
0;18.10;1
0;18.12;1
0;18.14;1
0;18.16;1
0;18.18;1
0;18.20;1
0;18.22;1
0;18.24;1
0;18.26;1
0;18.28;1
0;18.30;1
0;18.32;1
0;18.34;1
0;18.36;1
0;18.38;1
0;18.40;1
0;18.42;0
0;18.44;1
0;18.46;1
0;18.48;1
0;18.50;1
0;18.52;1
0;18.54;1
0;18.56;0
0;18.58;0
0;18.60;0
0;18.62;0
0;18.64;0
0;18.66;0
0;18.68;0
0;18.70;0
0;18.72;0
0;18.74;0
0;18.76;1
0;18.78;1
0;18.80;1
0;18.82;1
0;18.84;1
0;18.86;1
0;18.88;1
0;18.90;1
0;18.92;1
0;18.94;1
0;18.96;1
0;18.98;1
0;19.00;1
0;19.02;1
0;19.04;1
1;19.06;1
1;19.08;1
1;19.10;1
1;19.12;1
1;19.14;1
1;19.16;1
1;19.18;1
1;19.20;1
1;19.22;1
1;19.24;1
1;19.26;1
1;19.28;1
1;19.30;1
1;19.32;1
1;19.34;1
1;19.36;1
1;19.38;1
0;19.40;1
0;19.42;1
0;19.44;1
0;19.46;1
0;19.48;1
0;19.50;1
0;19.52;1
0;19.54;1
0;19.56;1
0;19.58;1
0;19.60;1
0;19.62;1
0;19.64;1
0;19.66;1
0;19.68;1
0;19.70;1
0;19.72;1
0;19.74;1
0;19.76;1
0;19.78;1
0;19.80;1
0;19.82;1
0;19.84;1
0;19.86;1
0;19.88;1
0;19.90;1
0;19.92;1
0;19.94;1
0;19.96;1
0;19.98;1
0;20.00;1
0;20.02;1
0;20.04;1
0;20.06;1
1;20.08;1
1;20.10;1
1;20.12;1
1;20.14;1
1;20.16;1
1;20.18;1
1;20.20;1
1;20.22;1
1;20.24;1
1;20.26;1
1;20.28;1
1;20.30;1
1;20.32;1
1;20.34;1
1;20.36;1
1;20.38;1
1;20.40;1
0;20.42;1
0;20.44;1
0;20.46;1
0;20.48;1
0;20.50;1
0;20.52;1
0;20.54;1
0;20.56;1
0;20.58;1
0;20.60;1
0;20.62;1
0;20.64;1
0;20.66;1
0;20.68;1
0;20.70;1
0;20.72;1
0;20.74;1
0;20.76;1
0;20.78;1
0;20.80;1
0;20.82;1
0;20.84;1
0;20.86;1
0;20.88;1
0;20.90;1
0;20.92;1
0;20.94;1
0;20.96;1
0;20.98;1
0;21.00;1
0;21.02;1
0;21.04;1
0;21.06;1
0;21.08;1
0;21.10;1
0;21.12;1
0;21.14;1
0;21.16;1
0;21.18;1
0;21.20;1
0;21.22;1
0;21.24;1
0;21.26;1
0;21.28;1
0;21.30;1
0;21.32;1
0;21.34;1
0;21.36;1
0;21.38;1
0;21.40;1
0;21.42;1
0;21.44;1
0;21.46;1
0;21.48;1
0;21.50;1
0;21.52;1
0;21.54;1
0;21.56;1
0;21.58;1
0;21.60;1
0;21.62;0
0;21.64;0
0;21.66;0
0;21.68;0
0;21.70;1
0;21.72;1
0;21.74;1
0;21.76;1
0;21.78;1
0;21.80;1
0;21.82;1
0;21.84;1
0;21.86;1
0;21.88;1
0;21.90;1
0;21.92;1
0;21.94;1
0;21.96;1
0;21.98;1
0;22.00;1
0;22.02;1
0;22.04;1
0;22.06;1
0;22.08;0
0;22.10;0
0;22.12;0
0;22.14;0
0;22.16;0
0;22.18;0
0;22.20;0
0;22.22;0
0;22.24;0
0;22.26;0
0;22.28;0
0;22.30;0
0;22.32;0
0;22.34;0
0;22.36;0
0;22.38;0
0;22.40;0
0;22.42;0
0;22.44;0
0;22.46;0
0;22.48;0
0;22.50;0
0;22.52;0
0;22.54;0
0;22.56;0
0;22.58;0
0;22.60;0
0;22.62;0
0;22.64;0
0;22.66;0
0;22.68;0
0;22.70;0
0;22.72;0
0;22.74;0
0;22.76;0
0;22.78;0
0;22.80;0
0;22.82;0
0;22.84;0
0;22.86;0
0;22.88;0
0;22.90;0
0;22.92;0
0;22.94;0
0;22.96;0
0;22.98;0
0;23.00;0
0;23.02;0
3;23.04;1
3;23.06;1
3;23.08;1
3;23.10;1
3;23.12;1
3;23.14;1
3;23.16;1
3;23.18;1
3;23.20;1
3;23.22;1
3;23.24;1
3;23.26;1
3;23.28;0
3;23.30;1
3;23.32;1
3;23.34;1
3;23.36;1
3;23.38;1
3;23.40;1
3;23.42;1
3;23.44;1
3;23.46;1
3;23.48;1
3;23.50;1
3;23.52;1
3;23.54;1
3;23.56;1
3;23.58;1
3;23.60;1
3;23.62;1
3;23.64;1
3;23.66;1
3;23.68;1
3;23.70;1
3;23.72;1
3;23.74;0
3;23.76;1
3;23.78;1
3;23.80;1
3;23.82;1
3;23.84;1
3;23.86;1
3;23.88;1
3;23.90;1
3;23.92;1
3;23.94;1
3;23.96;1
3;23.98;1
3;24.00;1
3;24.02;1
3;24.04;1
3;24.06;1
3;24.08;1
3;24.10;1
3;24.12;1
3;24.14;1
3;24.16;1
3;24.18;1
3;24.20;1
3;24.22;1
3;24.24;1
3;24.26;1
3;24.28;1
3;24.30;1
3;24.32;1
3;24.34;1
3;24.36;1
3;24.38;1
3;24.40;1
3;24.42;1
3;24.44;1
3;24.46;1
3;24.48;1
3;24.50;1
3;24.52;1
3;24.54;1
3;24.56;1
3;24.58;1
3;24.60;1
3;24.62;1
3;24.64;1
3;24.66;1
3;24.68;1
3;24.70;1
3;24.72;1
3;24.74;1
3;24.76;1
3;24.78;1
3;24.80;1
3;24.82;1
3;24.84;1
3;24.86;1
3;24.88;1
3;24.90;1
3;24.92;1
3;24.94;1
3;24.96;0
3;24.98;0
3;25.00;0
3;25.02;0
3;25.04;1
3;25.06;1
3;25.08;1
3;25.10;1
3;25.12;1
3;25.14;1
3;25.16;1
3;25.18;1
3;25.20;1
3;25.22;1
3;25.24;1
3;25.26;1
3;25.28;1
3;25.30;1
3;25.32;1
3;25.34;1
3;25.36;1
3;25.38;1
3;25.40;1
3;25.42;1
3;25.44;1
3;25.46;1
3;25.48;1
3;25.50;1
3;25.52;1
3;25.54;1
3;25.56;1
3;25.58;1
3;25.60;1
3;25.62;1
3;25.64;1
3;25.66;1
3;25.68;1
3;25.70;1
3;25.72;1
3;25.74;1
3;25.76;1
3;25.78;1
3;25.80;1
3;25.82;1
3;25.84;1
3;25.86;1
3;25.88;1
3;25.90;1
3;25.92;1
3;25.94;1
3;25.96;1
3;25.98;1
3;26.00;1
3;26.02;0
3;26.04;0
3;26.06;0
3;26.08;0
3;26.10;0
3;26.12;0
3;26.14;0
3;26.16;0
3;26.18;1
3;26.20;1
3;26.22;1
3;26.24;1
3;26.26;1
3;26.28;1
3;26.30;1
3;26.32;1
3;26.34;1
3;26.36;1
3;26.38;1
3;26.40;1
3;26.42;1
3;26.44;1
3;26.46;1
3;26.48;1
3;26.50;1
3;26.52;1
0;26.54;1
0;26.56;1
0;26.58;1
0;26.60;0
0;26.62;0
0;26.64;0
0;26.66;0
0;26.68;0
0;26.70;0
0;26.72;0
0;26.74;0
0;26.76;0
0;26.78;0
0;26.80;0
0;26.82;0
0;26.84;0
0;26.86;0
0;26.88;0
0;26.90;0
0;26.92;0
0;26.94;0
0;26.96;0
0;26.98;0
0;27.00;0
0;27.02;0
0;27.04;0
0;27.06;0
0;27.08;0
0;27.10;0
0;27.12;0
0;27.14;0
0;27.16;0
0;27.18;0
0;27.20;0
0;27.22;0
0;27.24;0
0;27.26;0
0;27.28;0
0;27.30;0
0;27.32;0
0;27.34;0
0;27.36;0
0;27.38;0
0;27.40;0
0;27.42;0
0;27.44;0
0;27.46;0
0;27.48;0
0;27.50;0
0;27.52;0
0;27.54;0
0;27.56;0
0;27.58;0
0;27.60;0
0;27.62;0
0;27.64;0
0;27.66;0
0;27.68;0
0;27.70;0
0;27.72;0
0;27.74;0
0;27.76;0
0;27.78;0
0;27.80;0
0;27.82;0
0;27.84;0
0;27.86;0
0;27.88;0
0;27.90;0
0;27.92;0
0;27.94;0
0;27.96;0
0;27.98;0
0;28.00;0
0;28.02;0
0;28.04;0
0;28.06;0
0;28.08;0
0;28.10;0
0;28.12;0
0;28.14;0
0;28.16;0
0;28.18;0
0;28.20;0
0;28.22;0
0;28.24;1
0;28.26;1
0;28.28;1
0;28.30;1
0;28.32;1
0;28.34;1
0;28.36;1
0;28.38;1
0;28.40;1
0;28.42;1
0;28.44;1
0;28.46;1
0;28.48;1
0;28.50;1
0;28.52;1
0;28.54;1
0;28.56;1
0;28.58;1
0;28.60;1
0;28.62;1
0;28.64;1
0;28.66;1
0;28.68;1
0;28.70;1
0;28.72;1
0;28.74;1
0;28.76;1
0;28.78;1
0;28.80;1
0;28.82;1
0;28.84;1
0;28.86;1
0;28.88;1
0;28.90;1
0;28.92;1
0;28.94;1
0;28.96;1
0;28.98;1
0;29.00;1
0;29.02;1
0;29.04;1
0;29.06;1
0;29.08;1
0;29.10;1
0;29.12;1
0;29.14;1
0;29.16;1
0;29.18;1
0;29.20;1
0;29.22;1
0;29.24;1
0;29.26;1
0;29.28;1
0;29.30;0
0;29.32;0
0;29.34;0
0;29.36;0
0;29.38;1
0;29.40;1
0;29.42;1
0;29.44;1
0;29.46;1
0;29.48;1
0;29.50;1
0;29.52;1
0;29.54;1
0;29.56;1
0;29.58;1
0;29.60;1
0;29.62;1
0;29.64;1
0;29.66;1
0;29.68;1
0;29.70;1
0;29.72;1
0;29.74;1
0;29.76;1
0;29.78;1
0;29.80;1
0;29.82;1
0;29.84;1
0;29.86;1
0;29.88;1
0;29.90;1
0;29.92;1
0;29.94;1
0;29.96;1
0;29.98;1
0;30.00;1
0;30.02;1
0;30.04;1
0;30.06;1
0;30.08;1
0;30.10;1
0;30.12;1
0;30.14;1
0;30.16;1
0;30.18;1
0;30.20;1
0;30.22;1
0;30.24;1
0;30.26;1
1;30.28;1
1;30.30;1
1;30.32;1
1;30.34;1
1;30.36;1
1;30.38;1
1;30.40;1
1;30.42;1
1;30.44;1
1;30.46;1
1;30.48;1
1;30.50;1
1;30.52;1
1;30.54;1
1;30.56;1
1;30.58;1
1;30.60;1
3;30.62;1
3;30.64;1
3;30.66;1
3;30.68;1
3;30.70;1
3;30.72;1
3;30.74;1
3;30.76;1
3;30.78;1
3;30.80;1
3;30.82;1
3;30.84;1
3;30.86;1
3;30.88;1
3;30.90;1
3;30.92;1
3;30.94;1
3;30.96;1
3;30.98;1
3;31.00;1
3;31.02;1
3;31.04;1
3;31.06;1
3;31.08;1
3;31.10;1
3;31.12;1
3;31.14;1
3;31.16;1
3;31.18;1
3;31.20;1
3;31.22;1
3;31.24;1
3;31.26;1
3;31.28;1
3;31.30;1
3;31.32;1
3;31.34;1
3;31.36;1
3;31.38;1
3;31.40;1
3;31.42;1
3;31.44;1
3;31.46;0
3;31.48;0
3;31.50;0
3;31.52;0
3;31.54;0
3;31.56;0
3;31.58;0
3;31.60;0
3;31.62;0
3;31.64;0
3;31.66;0
3;31.68;0
3;31.70;0
3;31.72;0
3;31.74;0
3;31.76;0
3;31.78;0
3;31.80;0
3;31.82;0
3;31.84;0
3;31.86;0
3;31.88;0
3;31.90;0
3;31.92;0
3;31.94;0
3;31.96;0
3;31.98;0
3;32.00;0
3;32.02;0
3;32.04;0
3;32.06;0
3;32.08;0
3;32.10;0
3;32.12;0
3;32.14;0
3;32.16;0
3;32.18;0
3;32.20;0
3;32.22;0
3;32.24;0
3;32.26;0
3;32.28;0
3;32.30;0
3;32.32;0
3;32.34;0
3;32.36;0
3;32.38;0
3;32.40;0
3;32.42;0
3;32.44;0
3;32.46;0
3;32.48;0
3;32.50;0
3;32.52;0
3;32.54;0
3;32.56;0
3;32.58;0
3;32.60;0
3;32.62;0
3;32.64;0
3;32.66;0
3;32.68;0
3;32.70;0
3;32.72;0
3;32.74;0
3;32.76;0
3;32.78;0
3;32.80;1
3;32.82;1
3;32.84;1
3;32.86;1
3;32.88;1
3;32.90;1
3;32.92;1
3;32.94;1
3;32.96;1
3;32.98;1
1;33.00;1
1;33.02;1
1;33.04;1
1;33.06;1
1;33.08;1
1;33.10;1
1;33.12;1
1;33.14;1
1;33.16;1
1;33.18;1
1;33.20;1
1;33.22;1
1;33.24;1
1;33.26;1
1;33.28;0
1;33.30;0
1;33.32;1
1;33.34;1
1;33.36;1
1;33.38;1
1;33.40;1
1;33.42;1
1;33.44;1
1;33.46;1
1;33.48;1
1;33.50;1
1;33.52;1
1;33.54;1
1;33.56;1
1;33.58;1
1;33.60;1
1;33.62;1
1;33.64;1
1;33.66;1
1;33.68;1
1;33.70;1
1;33.72;1
1;33.74;1
1;33.76;1
1;33.78;1
1;33.80;1
1;33.82;1
1;33.84;1
1;33.86;1
1;33.88;1
1;33.90;1
1;33.92;1
1;33.94;0
1;33.96;1
1;33.98;1
1;34.00;1
1;34.02;1
1;34.04;1
1;34.06;1
1;34.08;1
1;34.10;1
1;34.12;1
1;34.14;1
1;34.16;1
1;34.18;1
1;34.20;1
1;34.22;1
1;34.24;1
1;34.26;1
1;34.28;1
1;34.30;1
1;34.32;1
1;34.34;1
1;34.36;1
1;34.38;1
1;34.40;1
1;34.42;1
1;34.44;1
1;34.46;1
1;34.48;1
1;34.50;1
1;34.52;1
1;34.54;1
1;34.56;1
1;34.58;1
1;34.60;1
1;34.62;1
1;34.64;1
1;34.66;1
1;34.68;1
1;34.70;1
1;34.72;1
1;34.74;1
1;34.76;1
1;34.78;1
1;34.80;1
1;34.82;1
1;34.84;1
1;34.86;1
1;34.88;1
1;34.90;1
1;34.92;1
1;34.94;1
1;34.96;1
1;34.98;1
1;35.00;1
1;35.02;1
1;35.04;1
1;35.06;1
1;35.08;0
1;35.10;1
1;35.12;1
1;35.14;1
1;35.16;1
1;35.18;1
1;35.20;1
1;35.22;1
1;35.24;1
1;35.26;1
1;35.28;1
1;35.30;1
1;35.32;1
1;35.34;1
1;35.36;1
1;35.38;1
1;35.40;1
1;35.42;1
1;35.44;1
1;35.46;1
1;35.48;1
1;35.50;1
1;35.52;1
1;35.54;1
1;35.56;1
1;35.58;1
1;35.60;1
1;35.62;1
1;35.64;1
1;35.66;1
1;35.68;1
1;35.70;1
1;35.72;1
1;35.74;0
1;35.76;1
1;35.78;1
1;35.80;1
1;35.82;1
1;35.84;1
1;35.86;1
1;35.88;1
1;35.90;1
1;35.92;1
1;35.94;1
1;35.96;1
1;35.98;1
1;36.00;1
1;36.02;0
1;36.04;0
1;36.06;0
1;36.08;0
1;36.10;0
1;36.12;0
1;36.14;0
1;36.16;0
1;36.18;0
1;36.20;0
1;36.22;0
1;36.24;0
1;36.26;0
1;36.28;0
1;36.30;0
1;36.32;0
1;36.34;0
1;36.36;0
1;36.38;0
1;36.40;0
1;36.42;0
1;36.44;0
1;36.46;0
1;36.48;0
1;36.50;0
1;36.52;0
1;36.54;0
1;36.56;0
1;36.58;0
1;36.60;0
1;36.62;0
1;36.64;0
1;36.66;0
1;36.68;0
1;36.70;0
1;36.72;0
1;36.74;0
1;36.76;0
1;36.78;0
1;36.80;0
1;36.82;0
1;36.84;0
1;36.86;0
1;36.88;0
1;36.90;0
1;36.92;0
1;36.94;0
1;36.96;0
1;36.98;0
1;37.00;0
1;37.02;0
1;37.04;0
1;37.06;0
1;37.08;0
1;37.10;0
1;37.12;0
1;37.14;0
1;37.16;0
1;37.18;0
1;37.20;0
1;37.22;0
1;37.24;0
1;37.26;0
1;37.28;0
1;37.30;0
1;37.32;0
1;37.34;0
1;37.36;0
1;37.38;0
1;37.40;0
1;37.42;0
1;37.44;0
1;37.46;0
1;37.48;0
1;37.50;0
1;37.52;0
1;37.54;0
1;37.56;0
1;37.58;0
2;37.60;1
2;37.62;1
2;37.64;1
2;37.66;1
2;37.68;1
2;37.70;1
2;37.72;1
2;37.74;1
2;37.76;1
2;37.78;1
2;37.80;1
2;37.82;1
2;37.84;1
2;37.86;1
2;37.88;1
2;37.90;1
2;37.92;1
2;37.94;1
2;37.96;1
2;37.98;0
2;38.00;0
2;38.02;0
2;38.04;0
2;38.06;0
2;38.08;0
2;38.10;0
2;38.12;0
2;38.14;0
2;38.16;0
2;38.18;0
2;38.20;0
2;38.22;0
2;38.24;0
2;38.26;0
2;38.28;0
2;38.30;0
2;38.32;0
2;38.34;0
2;38.36;0
2;38.38;0
2;38.40;0
2;38.42;0
2;38.44;0
2;38.46;0
2;38.48;0
2;38.50;0
2;38.52;0
2;38.54;0
2;38.56;0
2;38.58;0
2;38.60;0
2;38.62;0
2;38.64;0
2;38.66;0
2;38.68;0
2;38.70;0
2;38.72;0
2;38.74;0
2;38.76;0
2;38.78;0
2;38.80;0
2;38.82;0
2;38.84;0
2;38.86;0
2;38.88;0
2;38.90;0
2;38.92;0
2;38.94;0
2;38.96;0
2;38.98;0
2;39.00;0
2;39.02;0
2;39.04;0
2;39.06;0
2;39.08;0
2;39.10;0
2;39.12;0
2;39.14;0
2;39.16;0
2;39.18;0
2;39.20;0
2;39.22;0
2;39.24;0
2;39.26;0
2;39.28;0
2;39.30;0
2;39.32;0
2;39.34;0
2;39.36;0
2;39.38;0
2;39.40;0
2;39.42;0
2;39.44;0
2;39.46;0
2;39.48;0
2;39.50;0
2;39.52;0
2;39.54;0
2;39.56;0
2;39.58;0
2;39.60;0
1;39.62;1
1;39.64;1
1;39.66;1
1;39.68;1
1;39.70;1
1;39.72;1
1;39.74;1
1;39.76;1
1;39.78;1
1;39.80;0
1;39.82;0
1;39.84;0
1;39.86;0
1;39.88;0
1;39.90;0
1;39.92;0
1;39.94;0
1;39.96;0
1;39.98;0
1;40.00;0
1;40.02;0
1;40.04;0
1;40.06;0
1;40.08;0
1;40.10;0
1;40.12;0
1;40.14;0
1;40.16;0
1;40.18;0
1;40.20;0
1;40.22;0
1;40.24;0
1;40.26;0
1;40.28;0
1;40.30;0
1;40.32;0
1;40.34;0
1;40.36;0
1;40.38;0
1;40.40;0
1;40.42;0
1;40.44;0
1;40.46;0
1;40.48;0
1;40.50;0
1;40.52;0
1;40.54;0
1;40.56;0
1;40.58;0
1;40.60;0
1;40.62;0
1;40.64;0
1;40.66;0
1;40.68;0
1;40.70;0
1;40.72;0
1;40.74;0
1;40.76;0
1;40.78;0
1;40.80;0
1;40.82;0
1;40.84;0
1;40.86;0
0;40.88;1
0;40.90;1
0;40.92;1
0;40.94;1
0;40.96;1
0;40.98;0
0;41.00;0
0;41.02;0
0;41.04;0
0;41.06;0
0;41.08;0
0;41.10;0
0;41.12;0
0;41.14;0
0;41.16;0
0;41.18;0
0;41.20;0
0;41.22;0
0;41.24;0
0;41.26;0
0;41.28;0
0;41.30;0
0;41.32;0
0;41.34;0
0;41.36;0
0;41.38;0
0;41.40;0
0;41.42;0
0;41.44;0
0;41.46;0
0;41.48;0
0;41.50;0
0;41.52;0
0;41.54;0
0;41.56;0
0;41.58;0
0;41.60;0
0;41.62;0
0;41.64;0
0;41.66;0
0;41.68;0
0;41.70;1
0;41.72;1
0;41.74;1
0;41.76;1
0;41.78;1
0;41.80;1
0;41.82;1
0;41.84;1
0;41.86;1
0;41.88;1
0;41.90;1
0;41.92;1
0;41.94;1
0;41.96;1
0;41.98;1
0;42.00;1
0;42.02;1
0;42.04;1
0;42.06;1
0;42.08;0
0;42.10;0
0;42.12;0
0;42.14;0
0;42.16;0
0;42.18;0
0;42.20;0
0;42.22;0
0;42.24;0
0;42.26;0
0;42.28;0
0;42.30;0
0;42.32;0
0;42.34;0
0;42.36;0
0;42.38;0
0;42.40;0
0;42.42;0
0;42.44;0
0;42.46;0
0;42.48;0
0;42.50;0
0;42.52;0
0;42.54;0
0;42.56;0
0;42.58;0
0;42.60;0
0;42.62;0
0;42.64;0
0;42.66;0
0;42.68;0
0;42.70;0
0;42.72;0
0;42.74;0
0;42.76;0
0;42.78;0
0;42.80;0
0;42.82;0
0;42.84;0
0;42.86;0
0;42.88;0
0;42.90;0
0;42.92;0
0;42.94;0
0;42.96;0
0;42.98;0
0;43.00;0
0;43.02;0
0;43.04;0
0;43.06;0
0;43.08;0
0;43.10;0
0;43.12;0
0;43.14;0
0;43.16;0
0;43.18;0
0;43.20;0
0;43.22;0
0;43.24;0
0;43.26;0
0;43.28;0
0;43.30;0
0;43.32;0
0;43.34;0
0;43.36;0
0;43.38;0
0;43.40;0
0;43.42;0
0;43.44;0
0;43.46;0
0;43.48;0
0;43.50;0
0;43.52;0
0;43.54;0
0;43.56;0
0;43.58;0
0;43.60;0
0;43.62;0
0;43.64;0
0;43.66;0
0;43.68;0
0;43.70;0
0;43.72;1
0;43.74;1
0;43.76;1
0;43.78;1
0;43.80;1
0;43.82;1
0;43.84;1
0;43.86;1
0;43.88;1
0;43.90;1
0;43.92;0
0;43.94;0
0;43.96;0
0;43.98;0
0;44.00;0
0;44.02;0
0;44.04;0
0;44.06;0
0;44.08;0
0;44.10;0
0;44.12;0
0;44.14;0
0;44.16;0
0;44.18;0
0;44.20;0
0;44.22;0
0;44.24;0
0;44.26;0
0;44.28;0
0;44.30;0
0;44.32;0
0;44.34;0
0;44.36;0
0;44.38;0
0;44.40;0
0;44.42;0
0;44.44;0
0;44.46;0
0;44.48;0
0;44.50;0
0;44.52;0
0;44.54;0
0;44.56;0
0;44.58;0
0;44.60;0
0;44.62;0
0;44.64;0
0;44.66;0
0;44.68;0
0;44.70;0
0;44.72;0
0;44.74;0
0;44.76;0
0;44.78;0
0;44.80;0
0;44.82;0
0;44.84;0
0;44.86;0
0;44.88;0
0;44.90;0
0;44.92;0
0;44.94;0
0;44.96;0
0;44.98;0
0;45.00;0
0;45.02;0
0;45.04;0
0;45.06;0
0;45.08;0
0;45.10;0
0;45.12;0
0;45.14;1
0;45.16;1
0;45.18;1
0;45.20;1
0;45.22;1
0;45.24;1
0;45.26;1
0;45.28;1
0;45.30;1
0;45.32;1
0;45.34;1
0;45.36;1
0;45.38;1
0;45.40;0
0;45.42;0
0;45.44;0
0;45.46;0
0;45.48;1
0;45.50;1
0;45.52;1
0;45.54;1
0;45.56;1
3;45.58;1
3;45.60;1
3;45.62;1
3;45.64;1
3;45.66;1
3;45.68;1
3;45.70;1
3;45.72;1
3;45.74;1
3;45.76;1
3;45.78;1
3;45.80;1
3;45.82;1
3;45.84;1
3;45.86;1
3;45.88;1
3;45.90;1
1;45.92;1
1;45.94;1
1;45.96;0
1;45.98;0
1;46.00;0
1;46.02;0
1;46.04;0
1;46.06;0
1;46.08;0
1;46.10;0
1;46.12;0
1;46.14;0
1;46.16;0
1;46.18;0
1;46.20;0
1;46.22;0
1;46.24;0
1;46.26;0
1;46.28;0
1;46.30;0
1;46.32;0
1;46.34;0
1;46.36;0
1;46.38;0
1;46.40;0
1;46.42;0
1;46.44;0
1;46.46;0
1;46.48;0
1;46.50;0
1;46.52;0
1;46.54;0
1;46.56;0
1;46.58;0
1;46.60;0
1;46.62;0
1;46.64;0
1;46.66;0
1;46.68;0
1;46.70;0
1;46.72;0
1;46.74;0
1;46.76;0
1;46.78;0
1;46.80;0
1;46.82;0
1;46.84;0
1;46.86;0
1;46.88;0
1;46.90;0
1;46.92;0
1;46.94;0
1;46.96;0
1;46.98;0
1;47.00;0
1;47.02;0
1;47.04;0
1;47.06;0
1;47.08;0
1;47.10;0
1;47.12;0
1;47.14;0
1;47.16;0
1;47.18;0
1;47.20;0
1;47.22;0
1;47.24;0
1;47.26;0
1;47.28;0
1;47.30;0
1;47.32;0
1;47.34;0
1;47.36;0
1;47.38;0
1;47.40;0
1;47.42;0
1;47.44;0
1;47.46;0
1;47.48;0
1;47.50;0
1;47.52;0
1;47.54;0
1;47.56;0
1;47.58;0
1;47.60;0
1;47.62;0
1;47.64;0
1;47.66;1
1;47.68;1
1;47.70;1
1;47.72;1
1;47.74;1
1;47.76;1
1;47.78;1
1;47.80;1
1;47.82;1
1;47.84;1
1;47.86;1
1;47.88;1
1;47.90;1
1;47.92;1
1;47.94;1
3;47.96;1
3;47.98;0
3;48.00;0
3;48.02;0
3;48.04;0
3;48.06;0
3;48.08;0
3;48.10;0
3;48.12;0
3;48.14;0
3;48.16;0
3;48.18;0
3;48.20;0
3;48.22;0
3;48.24;0
3;48.26;0
3;48.28;0
3;48.30;0
3;48.32;0
3;48.34;0
3;48.36;0
3;48.38;0
3;48.40;0
3;48.42;0
3;48.44;0
3;48.46;0
3;48.48;0
3;48.50;0
3;48.52;0
3;48.54;0
3;48.56;0
3;48.58;0
3;48.60;0
3;48.62;0
3;48.64;0
3;48.66;0
3;48.68;0
3;48.70;0
3;48.72;0
3;48.74;0
3;48.76;0
3;48.78;0
3;48.80;0
3;48.82;0
3;48.84;0
3;48.86;0
3;48.88;0
3;48.90;0
3;48.92;0
3;48.94;0
3;48.96;0
3;48.98;0
3;49.00;0
3;49.02;0
3;49.04;0
3;49.06;1
3;49.08;1
3;49.10;1
3;49.12;1
3;49.14;1
3;49.16;1
3;49.18;1
3;49.20;1
3;49.22;1
3;49.24;1
3;49.26;1
3;49.28;1
3;49.30;1
0;49.32;1
0;49.34;1
0;49.36;1
0;49.38;1
0;49.40;1
0;49.42;1
0;49.44;1
0;49.46;1
0;49.48;1
0;49.50;1
0;49.52;1
0;49.54;1
0;49.56;1
0;49.58;1
0;49.60;1
0;49.62;1
0;49.64;1
2;49.66;1
2;49.68;1
2;49.70;1
2;49.72;1
2;49.74;1
2;49.76;1
2;49.78;1
2;49.80;1
2;49.82;1
2;49.84;1
2;49.86;1
2;49.88;1
2;49.90;1
2;49.92;1
2;49.94;1
2;49.96;1
2;49.98;1
2;50.00;1
2;50.02;1
2;50.04;1
2;50.06;1
2;50.08;0
2;50.10;0
2;50.12;0
2;50.14;0
2;50.16;0
2;50.18;0
2;50.20;0
2;50.22;0
2;50.24;0
2;50.26;0
2;50.28;0
2;50.30;0
2;50.32;0
2;50.34;0
2;50.36;0
2;50.38;0
2;50.40;0
2;50.42;0
2;50.44;0
2;50.46;0
2;50.48;0
2;50.50;0
2;50.52;0
2;50.54;0
2;50.56;0
2;50.58;0
2;50.60;0
2;50.62;0
2;50.64;0
2;50.66;0
2;50.68;0
2;50.70;0
2;50.72;0
2;50.74;0
2;50.76;0
2;50.78;0
2;50.80;0
2;50.82;0
2;50.84;0
2;50.86;1
2;50.88;1
2;50.90;1
2;50.92;1
2;50.94;1
2;50.96;1
2;50.98;1
2;51.00;1
2;51.02;1
2;51.04;1
2;51.06;1
2;51.08;1
2;51.10;1
2;51.12;1
2;51.14;1
2;51.16;1
2;51.18;1
2;51.20;1
2;51.22;1
2;51.24;1
2;51.26;1
2;51.28;1
2;51.30;1
2;51.32;0
2;51.34;0
2;51.36;0
2;51.38;0
2;51.40;0
2;51.42;0
2;51.44;0
2;51.46;0
2;51.48;0
2;51.50;0
2;51.52;0
2;51.54;0
2;51.56;0
2;51.58;0
2;51.60;0
0;51.62;1
0;51.64;1
0;51.66;1
0;51.68;1
0;51.70;1
0;51.72;1
0;51.74;1
0;51.76;0
0;51.78;0
0;51.80;0
0;51.82;0
0;51.84;0
0;51.86;0
0;51.88;0
0;51.90;0
0;51.92;0
0;51.94;1
0;51.96;1
0;51.98;1
0;52.00;1
0;52.02;1
0;52.04;1
0;52.06;1
0;52.08;1
0;52.10;1
0;52.12;1
0;52.14;1
0;52.16;1
0;52.18;1
0;52.20;1
0;52.22;0
0;52.24;0
0;52.26;0
0;52.28;0
0;52.30;0
0;52.32;0
0;52.34;0
0;52.36;0
0;52.38;0
0;52.40;0
0;52.42;0
0;52.44;0
0;52.46;0
0;52.48;0
0;52.50;0
0;52.52;0
0;52.54;0
0;52.56;0
0;52.58;0
0;52.60;0
0;52.62;0
0;52.64;0
0;52.66;0
0;52.68;0
1;52.70;1
1;52.72;1
1;52.74;1
1;52.76;1
1;52.78;1
1;52.80;1
1;52.82;1
1;52.84;1
1;52.86;1
1;52.88;1
1;52.90;1
1;52.92;0
1;52.94;0
1;52.96;0
1;52.98;0
1;53.00;0
1;53.02;0
1;53.04;0
1;53.06;0
1;53.08;0
1;53.10;0
1;53.12;0
1;53.14;0
1;53.16;0
1;53.18;0
1;53.20;0
1;53.22;0
1;53.24;0
1;53.26;0
1;53.28;0
1;53.30;0
1;53.32;0
1;53.34;0
1;53.36;0
1;53.38;0
1;53.40;0
1;53.42;0
1;53.44;0
1;53.46;0
1;53.48;0
1;53.50;0
1;53.52;0
1;53.54;0
1;53.56;0
1;53.58;0
1;53.60;0
1;53.62;0
1;53.64;0
1;53.66;0
1;53.68;0
1;53.70;0
1;53.72;0
1;53.74;0
1;53.76;0
1;53.78;0
1;53.80;0
1;53.82;0
1;53.84;0
1;53.86;0
1;53.88;0
1;53.90;0
1;53.92;0
1;53.94;0
1;53.96;0
1;53.98;0
1;54.00;0
1;54.02;0
1;54.04;0
1;54.06;0
1;54.08;0
1;54.10;0
1;54.12;0
1;54.14;0
1;54.16;0
1;54.18;0
1;54.20;0
1;54.22;0
1;54.24;0
1;54.26;0
1;54.28;0
1;54.30;0
1;54.32;0
1;54.34;0
1;54.36;0
1;54.38;0
1;54.40;0
1;54.42;0
1;54.44;0
1;54.46;0
1;54.48;0
1;54.50;0
1;54.52;0
1;54.54;0
1;54.56;0
1;54.58;0
1;54.60;0
1;54.62;0
1;54.64;0
1;54.66;0
1;54.68;0
1;54.70;0
1;54.72;0
1;54.74;0
1;54.76;0
1;54.78;0
1;54.80;0
1;54.82;0
1;54.84;0
1;54.86;0
1;54.88;0
1;54.90;0
1;54.92;0
1;54.94;0
1;54.96;0
1;54.98;0
1;55.00;0
1;55.02;0
1;55.04;0
1;55.06;0
1;55.08;0
1;55.10;0
1;55.12;0
1;55.14;0
1;55.16;0
1;55.18;0
1;55.20;0
1;55.22;0
1;55.24;0
1;55.26;0
1;55.28;0
1;55.30;0
1;55.32;0
1;55.34;0
1;55.36;0
1;55.38;0
1;55.40;0
1;55.42;0
1;55.44;0
1;55.46;0
1;55.48;0
1;55.50;0
1;55.52;0
1;55.54;0
1;55.56;0
1;55.58;0
1;55.60;0
1;55.62;0
0;55.64;1
0;55.66;1
0;55.68;1
0;55.70;1
0;55.72;1
0;55.74;1
0;55.76;1
0;55.78;1
0;55.80;1
0;55.82;1
0;55.84;1
0;55.86;1
0;55.88;0
0;55.90;0
0;55.92;0
0;55.94;0
0;55.96;0
0;55.98;0
0;56.00;0
0;56.02;0
0;56.04;0
0;56.06;0
0;56.08;0
0;56.10;0
0;56.12;0
0;56.14;0
0;56.16;0
0;56.18;0
0;56.20;0
0;56.22;0
0;56.24;0
0;56.26;0
0;56.28;0
0;56.30;0
0;56.32;0
0;56.34;0
0;56.36;0
0;56.38;0
0;56.40;0
0;56.42;0
0;56.44;0
0;56.46;0
0;56.48;0
0;56.50;0
0;56.52;0
0;56.54;0
0;56.56;0
0;56.58;0
0;56.60;0
0;56.62;0
0;56.64;0
0;56.66;0
0;56.68;0
0;56.70;0
0;56.72;0
0;56.74;0
0;56.76;0
0;56.78;0
0;56.80;0
0;56.82;0
0;56.84;0
0;56.86;0
0;56.88;0
0;56.90;0
0;56.92;0
0;56.94;0
0;56.96;0
0;56.98;0
0;57.00;0
0;57.02;0
0;57.04;0
0;57.06;0
0;57.08;0
0;57.10;0
0;57.12;0
0;57.14;0
0;57.16;0
0;57.18;0
0;57.20;0
0;57.22;0
0;57.24;0
0;57.26;0
0;57.28;0
0;57.30;0
0;57.32;0
0;57.34;0
0;57.36;0
0;57.38;0
0;57.40;0
0;57.42;0
0;57.44;0
0;57.46;0
0;57.48;0
0;57.50;0
0;57.52;0
0;57.54;0
0;57.56;0
0;57.58;0
0;57.60;0
0;57.62;0
0;57.64;0
0;57.66;0
0;57.68;1
0;57.70;1
0;57.72;1
0;57.74;1
0;57.76;1
0;57.78;0
0;57.80;0
0;57.82;0
0;57.84;0
0;57.86;0
0;57.88;0
0;57.90;0
0;57.92;0
0;57.94;0
0;57.96;0
0;57.98;0
0;58.00;0
0;58.02;0
0;58.04;0
0;58.06;0
0;58.08;0
0;58.10;0
0;58.12;0
0;58.14;0
0;58.16;0
0;58.18;0
0;58.20;0
0;58.22;0
0;58.24;0
0;58.26;0
0;58.28;0
0;58.30;0
0;58.32;0
0;58.34;0
0;58.36;0
0;58.38;0
0;58.40;0
0;58.42;0
0;58.44;0
0;58.46;0
0;58.48;0
0;58.50;0
0;58.52;0
0;58.54;0
0;58.56;0
0;58.58;0
0;58.60;0
0;58.62;0
0;58.64;0
0;58.66;0
0;58.68;0
0;58.70;0
0;58.72;0
0;58.74;0
0;58.76;0
0;58.78;0
0;58.80;0
0;58.82;0
0;58.84;0
0;58.86;0
0;58.88;0
0;58.90;0
0;58.92;0
0;58.94;0
0;58.96;0
0;58.98;0
0;59.00;0
0;59.02;0
0;59.04;0
0;59.06;0
0;59.08;0
0;59.10;0
0;59.12;0
0;59.14;0
0;59.16;0
0;59.18;0
0;59.20;0
0;59.22;0
0;59.24;0
0;59.26;0
0;59.28;0
0;59.30;0
0;59.32;0
0;59.34;0
0;59.36;0
0;59.38;0
0;59.40;0
0;59.42;0
0;59.44;0
0;59.46;0
0;59.48;0
0;59.50;0
0;59.52;0
0;59.54;0
0;59.56;0
0;59.58;0
0;59.60;0
0;59.62;0
0;59.64;0
0;59.66;0
0;59.68;0
0;59.70;0
0;59.72;0
0;59.74;0
0;59.76;0
0;59.78;0
0;59.80;0
0;59.82;0
0;59.84;0
0;59.86;0
0;59.88;0
0;59.90;0
0;59.92;0
0;59.94;0
0;59.96;0
0;59.98;0
0;60.00;0
0;60.02;0
0;60.04;0
0;60.06;0
0;60.08;0
0;60.10;0
0;60.12;0
0;60.14;0
0;60.16;0
0;60.18;0
0;60.20;0
0;60.22;0
0;60.24;0
0;60.26;0
0;60.28;0
0;60.30;0
0;60.32;0
0;60.34;0
0;60.36;0
0;60.38;0
0;60.40;0
0;60.42;0
0;60.44;0
0;60.46;0
0;60.48;0
0;60.50;0
0;60.52;0
0;60.54;0
0;60.56;0
0;60.58;0
0;60.60;0
0;60.62;0
0;60.64;0
0;60.66;0
0;60.68;0
0;60.70;0
0;60.72;0
0;60.74;0
0;60.76;0
0;60.78;0
0;60.80;0
0;60.82;0
0;60.84;0
0;60.86;0
0;60.88;0
0;60.90;0
0;60.92;0
0;60.94;0
0;60.96;0
0;60.98;0
0;61.00;0
0;61.02;0
0;61.04;0
0;61.06;0
0;61.08;0
0;61.10;0
0;61.12;0
0;61.14;0
0;61.16;0
0;61.18;0
0;61.20;0
0;61.22;0
0;61.24;0
0;61.26;0
0;61.28;0
0;61.30;0
0;61.32;0
0;61.34;0
0;61.36;0
0;61.38;0
0;61.40;0
0;61.42;0
0;61.44;0
0;61.46;0
0;61.48;0
0;61.50;0
0;61.52;0
0;61.54;0
0;61.56;0
0;61.58;0
0;61.60;0
0;61.62;0
0;61.64;0
0;61.66;0
0;61.68;0
0;61.70;0
0;61.72;0
0;61.74;0
0;61.76;0
0;61.78;0
0;61.80;0
0;61.82;0
0;61.84;0
0;61.86;0
0;61.88;0
0;61.90;0
0;61.92;0
0;61.94;0
0;61.96;0
0;61.98;0
0;62.00;0
0;62.02;0
0;62.04;0
0;62.06;0
0;62.08;0
0;62.10;0
0;62.12;0
0;62.14;0
0;62.16;0
0;62.18;0
0;62.20;0
0;62.22;0
0;62.24;0
0;62.26;0
0;62.28;0
0;62.30;0
0;62.32;0
0;62.34;0
0;62.36;0
0;62.38;0
0;62.40;0
0;62.42;0
0;62.44;0
0;62.46;0
0;62.48;0
0;62.50;0
0;62.52;0
0;62.54;0
0;62.56;0
0;62.58;0
0;62.60;0
0;62.62;0
0;62.64;0
0;62.66;0
0;62.68;0
0;62.70;0
0;62.72;0
0;62.74;0
0;62.76;0
0;62.78;0
0;62.80;0
0;62.82;0
0;62.84;0
0;62.86;0
0;62.88;0
0;62.90;0
0;62.92;0
0;62.94;0
0;62.96;0
0;62.98;0
0;63.00;0
0;63.02;0
0;63.04;0
0;63.06;0
0;63.08;0
0;63.10;0
0;63.12;0
0;63.14;0
0;63.16;0
0;63.18;0
0;63.20;0
0;63.22;0
0;63.24;0
0;63.26;0
0;63.28;0
0;63.30;0
0;63.32;0
0;63.34;0
0;63.36;0
0;63.38;0
0;63.40;0
0;63.42;0
0;63.44;0
0;63.46;0
0;63.48;0
0;63.50;0
0;63.52;0
0;63.54;0
0;63.56;0
0;63.58;0
0;63.60;0
0;63.62;0
0;63.64;0
0;63.66;0
0;63.68;0
0;63.70;0
0;63.72;0
0;63.74;0
0;63.76;0
0;63.78;0
0;63.80;0
0;63.82;0
0;63.84;0
0;63.86;0
0;63.88;0
0;63.90;0
0;63.92;0
0;63.94;0
0;63.96;0
0;63.98;0
0;64.00;0
0;64.02;0
0;64.04;0
0;64.06;0
0;64.08;0
0;64.10;0
0;64.12;0
0;64.14;0
0;64.16;0
0;64.18;0
0;64.20;0
0;64.22;0
0;64.24;0
0;64.26;0
0;64.28;0
0;64.30;0
0;64.32;0
0;64.34;0
0;64.36;0
0;64.38;0
0;64.40;0
0;64.42;0
0;64.44;0
0;64.46;0
0;64.48;0
0;64.50;0
0;64.52;0
0;64.54;0
0;64.56;0
0;64.58;0
0;64.60;0
0;64.62;0
0;64.64;0
0;64.66;0
0;64.68;0
0;64.70;0
0;64.72;0
0;64.74;0
0;64.76;0
0;64.78;0
0;64.80;0
0;64.82;0
0;64.84;0
0;64.86;0
0;64.88;0
0;64.90;0
0;64.92;0
0;64.94;0
0;64.96;0
0;64.98;0
0;65.00;0
0;65.02;0
0;65.04;0
0;65.06;0
0;65.08;0
0;65.10;0
0;65.12;0
0;65.14;0
0;65.16;0
0;65.18;0
0;65.20;0
0;65.22;0
0;65.24;0
0;65.26;0
0;65.28;0
0;65.30;0
0;65.32;0
0;65.34;0
0;65.36;0
0;65.38;0
0;65.40;0
0;65.42;0
0;65.44;0
0;65.46;0
0;65.48;0
0;65.50;0
0;65.52;0
0;65.54;0
0;65.56;0
0;65.58;0
0;65.60;0
0;65.62;0
0;65.64;0
0;65.66;0
0;65.68;0
0;65.70;0
0;65.72;0
0;65.74;0
0;65.76;0
0;65.78;0
0;65.80;0
0;65.82;0
0;65.84;0
0;65.86;0
0;65.88;0
0;65.90;0
0;65.92;0
0;65.94;0
0;65.96;0
0;65.98;0
0;66.00;0
0;66.02;0
0;66.04;0
0;66.06;0
0;66.08;0
0;66.10;0
0;66.12;0
0;66.14;0
0;66.16;0
0;66.18;0
0;66.20;0
0;66.22;0
0;66.24;0
0;66.26;0
0;66.28;0
0;66.30;0
0;66.32;0
0;66.34;0
0;66.36;0
0;66.38;0
0;66.40;0
0;66.42;0
0;66.44;0
0;66.46;0
0;66.48;0
0;66.50;0
0;66.52;0
0;66.54;0
0;66.56;0
0;66.58;0
0;66.60;0
0;66.62;0
0;66.64;0
0;66.66;0
0;66.68;0
0;66.70;0
0;66.72;0
0;66.74;0
0;66.76;0
0;66.78;0
0;66.80;0
0;66.82;0
0;66.84;0
0;66.86;0
0;66.88;0
0;66.90;0
0;66.92;0
0;66.94;0
0;66.96;0
0;66.98;0
0;67.00;0
0;67.02;0
0;67.04;0
0;67.06;0
0;67.08;0
0;67.10;0
0;67.12;0
0;67.14;0
0;67.16;0
0;67.18;0
0;67.20;0
0;67.22;0
0;67.24;0
0;67.26;0
0;67.28;0
0;67.30;0
0;67.32;0
0;67.34;0
0;67.36;0
0;67.38;0
0;67.40;0
0;67.42;0
0;67.44;0
0;67.46;0
0;67.48;0
0;67.50;0
0;67.52;0
0;67.54;0
0;67.56;0
0;67.58;0
0;67.60;0
0;67.62;0
0;67.64;0
0;67.66;0
0;67.68;0
0;67.70;0
0;67.72;0
0;67.74;0
0;67.76;0
0;67.78;0
0;67.80;0
0;67.82;0
0;67.84;0
0;67.86;0
0;67.88;0
0;67.90;0
0;67.92;0
0;67.94;0
0;67.96;0
0;67.98;0
0;68.00;0
0;68.02;0
0;68.04;0
0;68.06;0
0;68.08;0
0;68.10;0
0;68.12;0
0;68.14;0
0;68.16;0
0;68.18;0
0;68.20;0
0;68.22;0
0;68.24;0
0;68.26;0
0;68.28;0
0;68.30;0
0;68.32;0
0;68.34;0
0;68.36;0
0;68.38;0
0;68.40;0
0;68.42;0
0;68.44;0
0;68.46;0
0;68.48;0
0;68.50;0
0;68.52;0
0;68.54;0
0;68.56;0
0;68.58;0
0;68.60;0
0;68.62;0
0;68.64;0
0;68.66;0
0;68.68;0
0;68.70;0
0;68.72;0
0;68.74;0
0;68.76;0
0;68.78;0
0;68.80;0
0;68.82;0
0;68.84;0
0;68.86;0
0;68.88;0
0;68.90;0
0;68.92;0
0;68.94;0
0;68.96;0
0;68.98;0
0;69.00;0
0;69.02;0
0;69.04;0
0;69.06;0
0;69.08;0
0;69.10;0
0;69.12;0
0;69.14;0
0;69.16;0
0;69.18;0
0;69.20;0
0;69.22;0
0;69.24;0
0;69.26;0
0;69.28;0
0;69.30;0
0;69.32;0
0;69.34;0
0;69.36;0
0;69.38;0
0;69.40;0
0;69.42;0
0;69.44;0
0;69.46;0
0;69.48;0
0;69.50;0
0;69.52;0
0;69.54;0
0;69.56;0
0;69.58;0
0;69.60;0
0;69.62;0
0;69.64;0
0;69.66;0
0;69.68;0
0;69.70;0
0;69.72;0
0;69.74;0
0;69.76;0
0;69.78;0
0;69.80;0
0;69.82;0
0;69.84;0
0;69.86;0
0;69.88;0
0;69.90;0
0;69.92;0
0;69.94;0
0;69.96;0
0;69.98;0
0;70.00;0
0;70.02;0
0;70.04;0
0;70.06;0
0;70.08;0
0;70.10;0
0;70.12;0
0;70.14;0
0;70.16;0
0;70.18;0
0;70.20;0
0;70.22;0
0;70.24;0
0;70.26;0
0;70.28;0
0;70.30;0
0;70.32;0
0;70.34;0
0;70.36;0
0;70.38;0
0;70.40;0
0;70.42;0
0;70.44;0
0;70.46;0
0;70.48;0
0;70.50;0
0;70.52;0
0;70.54;0
0;70.56;0
0;70.58;0
0;70.60;0
0;70.62;0
0;70.64;0
0;70.66;0
0;70.68;0
0;70.70;0
0;70.72;0
0;70.74;0
0;70.76;0
0;70.78;0
0;70.80;0
0;70.82;0
0;70.84;0
0;70.86;0
0;70.88;0
0;70.90;0
0;70.92;0
0;70.94;0
0;70.96;0
0;70.98;0
0;71.00;0
0;71.02;0
0;71.04;0
0;71.06;0
0;71.08;0
0;71.10;0
0;71.12;0
0;71.14;0
0;71.16;0
0;71.18;0
0;71.20;0
0;71.22;0
0;71.24;0
0;71.26;0
0;71.28;0
0;71.30;0
0;71.32;0
0;71.34;0
0;71.36;0
0;71.38;0
0;71.40;0
0;71.42;0
0;71.44;0
0;71.46;0
0;71.48;0
0;71.50;0
0;71.52;0
0;71.54;0
0;71.56;0
0;71.58;0
0;71.60;0
0;71.62;0
0;71.64;0
0;71.66;0
0;71.68;0
0;71.70;0
0;71.72;0
0;71.74;0
0;71.76;0
0;71.78;0
0;71.80;0
0;71.82;0
0;71.84;0
0;71.86;0
0;71.88;0
0;71.90;0
0;71.92;0
0;71.94;0
0;71.96;0
0;71.98;0
0;72.00;0
0;72.02;0
0;72.04;0
0;72.06;0
0;72.08;0
0;72.10;0
0;72.12;0
0;72.14;0
0;72.16;0
0;72.18;0
0;72.20;0
0;72.22;0
0;72.24;0
0;72.26;0
0;72.28;0
0;72.30;0
0;72.32;0
0;72.34;0
0;72.36;0
0;72.38;0
0;72.40;0
0;72.42;0
0;72.44;0
0;72.46;0
0;72.48;0
0;72.50;0
0;72.52;0
0;72.54;0
0;72.56;0
0;72.58;0
0;72.60;0
0;72.62;0
0;72.64;0
0;72.66;0
0;72.68;0
0;72.70;0
0;72.72;0
0;72.74;0
0;72.76;0
0;72.78;0
0;72.80;0
0;72.82;0
0;72.84;0
0;72.86;0
0;72.88;0
0;72.90;0
0;72.92;0
0;72.94;0
0;72.96;0
0;72.98;0
0;73.00;0
0;73.02;0
0;73.04;0
0;73.06;0
0;73.08;0
0;73.10;0
0;73.12;0
0;73.14;0
0;73.16;0
0;73.18;0
0;73.20;0
0;73.22;0
0;73.24;0
0;73.26;0
0;73.28;0
0;73.30;0
0;73.32;0
0;73.34;0
0;73.36;0
0;73.38;0
0;73.40;0
0;73.42;0
0;73.44;0
0;73.46;0
0;73.48;0
0;73.50;0
0;73.52;0
0;73.54;0
0;73.56;0
0;73.58;0
0;73.60;0
0;73.62;0
0;73.64;0
0;73.66;0
0;73.68;0
0;73.70;0
0;73.72;0
0;73.74;0
0;73.76;0
0;73.78;0
0;73.80;0
0;73.82;0
0;73.84;0
0;73.86;0
0;73.88;0
0;73.90;0
0;73.92;0
0;73.94;0
0;73.96;0
0;73.98;0
0;74.00;0
0;74.02;0
0;74.04;0
0;74.06;0
0;74.08;0
0;74.10;0
0;74.12;0
0;74.14;0
0;74.16;0
0;74.18;0
0;74.20;0
0;74.22;0
0;74.24;0
0;74.26;0
0;74.28;0
0;74.30;0
0;74.32;0
0;74.34;0
0;74.36;0
0;74.38;0
0;74.40;0
0;74.42;0
0;74.44;0
0;74.46;0
0;74.48;0
0;74.50;0
0;74.52;0
0;74.54;0
0;74.56;0
0;74.58;0
0;74.60;0
0;74.62;0
0;74.64;0
0;74.66;0
0;74.68;0
0;74.70;0
0;74.72;0
0;74.74;0
0;74.76;0
0;74.78;0
0;74.80;0
0;74.82;0
0;74.84;0
0;74.86;0
0;74.88;0
0;74.90;0
0;74.92;0
0;74.94;0
0;74.96;0
0;74.98;0
0;75.00;0
0;75.02;0
0;75.04;0
0;75.06;0
0;75.08;0
0;75.10;0
0;75.12;0
0;75.14;0
0;75.16;0
0;75.18;0
0;75.20;0
0;75.22;0
0;75.24;0
0;75.26;0
0;75.28;0
0;75.30;0
0;75.32;0
0;75.34;0
0;75.36;0
0;75.38;0
0;75.40;0
0;75.42;0
0;75.44;0
0;75.46;0
0;75.48;0
0;75.50;0
0;75.52;0
0;75.54;0
0;75.56;0
0;75.58;0
0;75.60;0
0;75.62;0
0;75.64;0
0;75.66;0
0;75.68;0
0;75.70;0
0;75.72;0
0;75.74;0
0;75.76;0
0;75.78;0
0;75.80;0
0;75.82;0
0;75.84;0
0;75.86;0
0;75.88;0
0;75.90;0
0;75.92;0
0;75.94;0
0;75.96;0
0;75.98;0
0;76.00;0
0;76.02;0
0;76.04;0
0;76.06;0
0;76.08;0
0;76.10;0
0;76.12;0
0;76.14;0
0;76.16;0
0;76.18;0
0;76.20;0
0;76.22;0
0;76.24;0
0;76.26;0
0;76.28;0
0;76.30;0
0;76.32;0
0;76.34;0
0;76.36;0
0;76.38;0
0;76.40;0
0;76.42;0
0;76.44;0
0;76.46;0
0;76.48;0
0;76.50;0
0;76.52;0
0;76.54;0
0;76.56;0
0;76.58;0
0;76.60;0
0;76.62;0
0;76.64;0
0;76.66;0
0;76.68;0
0;76.70;0
0;76.72;0
0;76.74;0
0;76.76;0
0;76.78;0
0;76.80;0
0;76.82;0
0;76.84;0
0;76.86;0
0;76.88;0
0;76.90;0
0;76.92;0
0;76.94;0
0;76.96;0
0;76.98;0
0;77.00;0
0;77.02;0
0;77.04;0
0;77.06;0
0;77.08;0
0;77.10;0
0;77.12;0
0;77.14;0
0;77.16;0
0;77.18;0
0;77.20;0
0;77.22;0
0;77.24;0
0;77.26;0
0;77.28;0
0;77.30;0
0;77.32;0
0;77.34;0
0;77.36;0
0;77.38;0
0;77.40;0
0;77.42;0
0;77.44;0
0;77.46;0
0;77.48;0
0;77.50;0
0;77.52;0
0;77.54;0
0;77.56;0
0;77.58;0
0;77.60;0
0;77.62;0
0;77.64;0
0;77.66;0
0;77.68;0
0;77.70;0
0;77.72;0
0;77.74;0
0;77.76;0
0;77.78;0
0;77.80;0
0;77.82;0
0;77.84;0
0;77.86;0
0;77.88;0
0;77.90;0
0;77.92;0
0;77.94;0
0;77.96;0
0;77.98;0
0;78.00;0
0;78.02;0
0;78.04;0
0;78.06;0
0;78.08;0
0;78.10;0
0;78.12;0
0;78.14;0
0;78.16;0
0;78.18;0
0;78.20;0
0;78.22;0
0;78.24;0
0;78.26;0
0;78.28;0
0;78.30;0
0;78.32;0
0;78.34;0
0;78.36;0
0;78.38;0
0;78.40;0
0;78.42;0
0;78.44;0
0;78.46;0
0;78.48;0
0;78.50;0
0;78.52;0
0;78.54;0
0;78.56;0
0;78.58;0
0;78.60;0
0;78.62;0
0;78.64;0
0;78.66;0
0;78.68;0
0;78.70;0
0;78.72;0
0;78.74;0
0;78.76;0
0;78.78;0
0;78.80;0
0;78.82;0
0;78.84;0
0;78.86;0
0;78.88;0
0;78.90;0
0;78.92;0
0;78.94;0
0;78.96;0
0;78.98;0
0;79.00;0
0;79.02;0
0;79.04;0
0;79.06;0
0;79.08;0
0;79.10;0
0;79.12;0
0;79.14;0
0;79.16;0
0;79.18;0
0;79.20;0
0;79.22;0
0;79.24;0
0;79.26;0
0;79.28;0
0;79.30;0
0;79.32;0
0;79.34;0
0;79.36;0
0;79.38;0
0;79.40;0
0;79.42;0
0;79.44;0
0;79.46;0
0;79.48;0
0;79.50;0
0;79.52;0
0;79.54;0
0;79.56;0
0;79.58;0
0;79.60;0
0;79.62;0
0;79.64;0
0;79.66;0
0;79.68;0
0;79.70;0
0;79.72;0
0;79.74;1
0;79.76;1
0;79.78;1
0;79.80;1
0;79.82;1
0;79.84;1
0;79.86;1
0;79.88;1
0;79.90;1
2;79.92;1
2;79.94;1
2;79.96;1
2;79.98;1
2;80.00;1
2;80.02;1
2;80.04;1
2;80.06;1
2;80.08;1
2;80.10;1
2;80.12;1
2;80.14;1
2;80.16;1
2;80.18;1
2;80.20;1
2;80.22;1
2;80.24;1
0;80.26;1
0;80.28;1
0;80.30;1
0;80.32;0
0;80.34;0
0;80.36;0
0;80.38;0
0;80.40;0
0;80.42;0
0;80.44;0
0;80.46;0
0;80.48;0
0;80.50;0
0;80.52;0
0;80.54;0
0;80.56;0
0;80.58;0
0;80.60;0
0;80.62;0
0;80.64;0
0;80.66;0
0;80.68;0
0;80.70;0
0;80.72;0
0;80.74;0
0;80.76;0
0;80.78;0
0;80.80;0
0;80.82;0
0;80.84;0
0;80.86;0
0;80.88;0
0;80.90;0
0;80.92;0
0;80.94;0
0;80.96;0
0;80.98;0
0;81.00;0
0;81.02;0
0;81.04;0
0;81.06;0
0;81.08;0
0;81.10;0
0;81.12;0
0;81.14;0
0;81.16;0
0;81.18;0
0;81.20;0
0;81.22;0
0;81.24;0
0;81.26;0
0;81.28;0
0;81.30;0
0;81.32;0
0;81.34;0
0;81.36;0
0;81.38;0
0;81.40;0
0;81.42;0
0;81.44;0
0;81.46;0
0;81.48;1
0;81.50;1
0;81.52;1
0;81.54;1
0;81.56;1
0;81.58;1
0;81.60;1
0;81.62;1
0;81.64;1
0;81.66;1
0;81.68;1
0;81.70;1
0;81.72;1
0;81.74;1
0;81.76;1
0;81.78;1
0;81.80;1
0;81.82;1
0;81.84;1
0;81.86;1
0;81.88;1
0;81.90;1
0;81.92;1
0;81.94;1
